Name,Phone,Email,Unit,Alternate Name,Alternate Email,Alternate Phone
Ali,12163547700,heg00321c55h@yopmail.com,101,Ali,h111eg00321c55h@yopmail.com,12163547758
Hannah,12163547701,hrk00111c55h@yopmail.com,101,KennedyKennedy,hrk00111c55halt@yopmail.com,12163547759
Isabella,12163547702,izn00091c55h@yopmail.com,101,Isabella,izn00091c55halt@yopmail.com,12163547750
Reagan,12163547703,rar00701c55h@yopmail.com,101,Reagan1,rar00701c55halt@yopmail.com,12163547757
AbbIe,12163547704,aar00441c55h@yopmail.com,102,Rachel,aar00441c55halt@yopmail.com,12163547756
Adrianna,12163547705,azc01881c55h@yopmail.com,102,Adrianna1,azc01881c55halt@yopmail.com,12163547755
Jordan,12163547706,jas02751c55halt@yopmail.com,102,Jordan1,jas02751c55halt@yopmail.com,12163547754
Rachel,12163547707,rfs00221c55h@yopmail.com,102,AbbIe,rfs00221c55halt@yopmail.com,12163547753
John,12163547708,jbs01041c55h@yopmail.com,118,John,jbs01041c55halt@yopmail.com,12163547752
Justin,12163547709,jme00431c55h@yopmail.com,118,AbbIe,jbs01041c55halt1@yopmail.com,12163547751
