first_name,last_name,email,phone,address,group,group alias,unit
James,Butt,jbutt@gmail.com,504-621-8927,6649 N Blue Gum St,PAK,,401
Josephine,Darakjy,josephine_darakjy@darakjy.org,810-292-9388,4 B Blue Ridge Blvd,PAK,,401
Art,Venere,art@venere.org,856-636-8749,8 W Cerritos Ave #54,PAK,,401
Lenna,Paprocki,lpaprocki@hotmail.com,907-385-4412,639 Main St,PAK,,401
Donette,Foller,donette.foller@cox.net,513-570-1893,34 Center St,PAK,,402
Simona,Morasca,simona@morasca.com,419-503-2484,3 Mcauley Dr,PAK,,402
Mitsue,Tollner,mitsue_tollner@yahoo.com,773-573-6914,7 Eads St,PAK,,402
Leota,Dilliard,leota@hotmail.com,408-752-3500,7 W Jackson Blvd,PAK,,402
Sage,Wieser,sage_wieser@cox.net,605-414-2147,5 Boston Ave #88,PAK,,403
Kris,Marrier,kris@gmail.com,410-655-8723,228 Runamuck Pl #2808,PAK,,403
Minna,Amigon,minna_amigon@yahoo.com,215-874-1229,2371 Jerrold Ave,PAK,,404
Abel,Maclead,amaclead@gmail.com,631-335-3414,37275 St  Rt 17m M,PAK,,404
Kiley,Caldarera,kiley.caldarera@aol.com,310-498-5651,25 E 75th St #69,PAK,,404
Graciela,Ruta,gruta@cox.net,440-780-8425,98 Connecticut Ave Nw,PAK,,404
Cammy,Albares,calbares@gmail.com,956-537-6195,56 E Morehead St,PAK,,404
Mattie,Poquette,mattie@aol.com,602-277-4385,73 State Road 434 E,PAK,,405
Meaghan,Garufi,meaghan@hotmail.com,931-313-9635,69734 E Carrillo St,PAK,,405
Gladys,Rim,gladys.rim@rim.org,414-661-9598,322 New Horizon Blvd,PAK,,405
Yuki,Whobrey,yuki_whobrey@aol.com,313-288-7937,1 State Route 27,PAK,,405
Fletcher,Flosi,fletcher.flosi@yahoo.com,815-828-2147,394 Manchester Blvd,PAK,,405
Bette,Nicka,bette_nicka@cox.net,610-545-3615,6 S 33rd St,IND,,406
Veronika,Inouye,vinouye@aol.com,408-540-1785,6 Greenleaf Ave,IND,,406
Willard,Kolmetz,willard@hotmail.com,972-303-9197,618 W Yakima Ave,IND,,406
Maryann,Royster,mroyster@royster.com,518-966-7987,74 S Westgate St,IND,,406
Alisha,Slusarski,alisha@slusarski.com,732-658-3154,3273 State St,IND,,406
Allene,Iturbide,allene_iturbide@cox.net,715-662-6764,1 Central Ave,IND,,407
Chanel,Caudy,chanel.caudy@caudy.org,913-388-2079,86 Nw 66th St #8673,IND,,407
Ezekiel,Chui,ezekiel@chui.com,410-669-1642,2 Cedar Ave #84,IND,,407
Willow,Kusko,wkusko@yahoo.com,212-582-4976,90991 Thorburn Ave,IND,,407
Bernardo,Figeroa,bfigeroa@aol.com,936-336-3951,386 9th Ave N,IND,,407
Ammie,Corrio,ammie@corrio.com,614-801-9788,74874 Atlantic Ave,IND,,408
Francine,Vocelka,francine_vocelka@vocelka.com,505-977-3911,366 South Dr,IND,,408
Ernie,Stenseth,ernie_stenseth@aol.com,201-709-6245,45 E Liberty St,IND,,408
Albina,Glick,albina@glick.com,732-924-7882,4 Ralph Ct,IND,,408
Alishia,Sergi,asergi@gmail.com,212-860-1579,2742 Distribution Way,IND,,408
Solange,Shinko,solange@shinko.com,504-979-9175,426 Wolf St,IND,,409
Jose,Stockham,jose@yahoo.com,212-675-8570,128 Bransten Rd,IND,,409
Rozella,Ostrosky,rozella.ostrosky@ostrosky.com,805-832-6163,17 Morena Blvd,IND,,409
Valentine,Gillian,valentine_gillian@gmail.com,210-812-9597,775 W 17th St,IND,,409
Kati,Rulapaugh,kati.rulapaugh@hotmail.com,785-463-7829,6980 Dorsett Rd,IND,,410
Youlanda,Schemmer,youlanda@aol.com,541-548-8197,2881 Lewis Rd,IND,,410
Dyan,Oldroyd,doldroyd@aol.com,913-413-4604,7219 Woodfield Rd,IND,,410
Roxane,Campain,roxane@hotmail.com,907-231-4722,1048 Main St,IND,,410
Lavera,Perin,lperin@perin.org,305-606-7291,678 3rd Ave,IND,,411
Erick,Ferencz,erick.ferencz@aol.com,907-741-1044,20 S Babcock St,IND,,411
Fatima,Saylors,fsaylors@saylors.org,952-768-2416,2 Lighthouse Ave,IND,,411
Jina,Briddick,jina_briddick@briddick.com,617-399-5124,38938 Park Blvd,IND,,411
Kanisha,Waycott,kanisha_waycott@yahoo.com,323-453-2780,5 Tomahawk Dr,IND,,412
Emerson,Bowley,emerson.bowley@bowley.org,608-336-7444,762 S Main St,IND,,412
Blair,Malet,bmalet@yahoo.com,215-907-9111,209 Decker Dr,IND,,412
Brock,Bolognia,bbolognia@yahoo.com,212-402-9216,4486 W O St #1,IND,,412
Lorrie,Nestle,lnestle@hotmail.com,931-875-6644,39 S 7th St,IND,,413
Sabra,Uyetake,sabra@uyetake.org,803-925-5213,98839 Hawthorne Blvd #6101,IND,,413
Marjory,Mastella,mmastella@mastella.com,610-814-5533,71 San Mateo Ave,IND,,413
Karl,Klonowski,karl_klonowski@yahoo.com,908-877-6135,76 Brooks St #9,IND,,413
Tonette,Wenner,twenner@aol.com,516-968-6051,4545 Courthouse Rd,IND,,414
Amber,Monarrez,amber_monarrez@monarrez.org,215-934-8655,14288 Foster Ave #4121,IND,,414
Shenika,Seewald,shenika@gmail.com,818-423-4007,4 Otis St,IND,,414
Delmy,Ahle,delmy.ahle@hotmail.com,401-458-2547,65895 S 16th St,IND,,414
Deeanna,Juhas,deeanna_juhas@gmail.com,215-211-9589,14302 Pennsylvania Ave,IND,,415
Blondell,Pugh,bpugh@aol.com,401-960-8259,201 Hawk Ct,IND,,415
Jamal,Vanausdal,jamal@vanausdal.org,732-234-1546,53075 Sw 152nd Ter #615,IND,,415
Cecily,Hollack,cecily@hollack.org,512-486-3817,59 N Groesbeck Hwy,IND,,415
Carmelina,Lindall,carmelina_lindall@lindall.com,303-724-7371,2664 Lewis Rd,IND,,417
Maurine,Yglesias,maurine_yglesias@yglesias.com,414-748-1374,59 Shady Ln #53,IND,,417
Tawna,Buvens,tawna@gmail.com,212-674-9610,3305 Nabell Ave #679,IND,,417
Penney,Weight,penney_weight@aol.com,907-797-9628,18 Fountain St,IND,,417
Elly,Morocco,elly_morocco@gmail.com,814-393-5571,7 W 32nd St,IND,,418
Ilene,Eroman,ilene.eroman@hotmail.com,410-914-9018,2853 S Central Expy,IND,,418
Vallie,Mondella,vmondella@mondella.com,208-862-5339,74 W College St,IND,,418
Kallie,Blackwood,kallie.blackwood@gmail.com,415-315-2761,701 S Harrison Rd,IND,,418
Johnetta,Abdallah,johnetta_abdallah@aol.com,919-225-9345,1088 Pinehurst St,IND,,419
Bobbye,Rhym,brhym@rhym.com,650-528-5783,30 W 80th St #1995,IND,,419
Micaela,Rhymes,micaela_rhymes@gmail.com,925-647-3298,20932 Hedley St,IND,,419
Tamar,Hoogland,tamar@hotmail.com,740-343-8575,2737 Pistorio Rd #9230,IND,,419
Moon,Parlato,moon@yahoo.com,585-866-8313,74989 Brandon St,IND,,420
Laurel,Reitler,laurel_reitler@reitler.com,410-520-4832,6 Kains Ave,IND,,420
Delisa,Crupi,delisa.crupi@crupi.com,973-354-2040,47565 W Grand Ave,IND,,420
Viva,Toelkes,viva.toelkes@gmail.com,773-446-5569,4284 Dorigo Ln,IND,,420
Elza,Lipke,elza@yahoo.com,973-927-3447,6794 Lake Dr E,IND,,
Devorah,Chickering,devorah@hotmail.com,505-975-8559,31 Douglas Blvd #950,ENG,,
Timothy,Mulqueen,timothy_mulqueen@mulqueen.org,718-332-6527,44 W 4th St,ENG,,
Arlette,Honeywell,ahoneywell@honeywell.com,904-775-4480,11279 Loytan St,ENG,,
Dominque,Dickerson,dominque.dickerson@dickerson.org,510-993-3758,69 Marquette Ave,ENG,,
Lettie,Isenhower,lettie_isenhower@yahoo.com,216-657-7668,70 W Main St,ENG,,
Myra,Munns,mmunns@cox.net,817-914-7518,461 Prospect Pl #316,ENG,,
Stephaine,Barfield,stephaine@barfield.com,310-774-7643,47154 Whipple Ave Nw,ENG,,
Lai,Gato,lai.gato@gato.org,847-728-7286,37 Alabama Ave,ENG,,
Stephen,Emigh,stephen_emigh@hotmail.com,330-537-5358,3777 E Richmond St #900,ENG,,
Tyra,Shields,tshields@gmail.com,215-255-1641,3 Fort Worth Ave,ENG,,
Tammara,Wardrip,twardrip@cox.net,650-803-1936,4800 Black Horse Pike,ENG,,
Cory,Gibes,cory.gibes@gmail.com,626-572-1096,83649 W Belmont Ave,ENG,,
Danica,Bruschke,danica_bruschke@gmail.com,254-782-8569,840 15th Ave,ENG,,
Wilda,Giguere,wilda@cox.net,907-870-5536,1747 Calle Amanecer #2,ENG,,
Elvera,Benimadho,elvera.benimadho@cox.net,408-703-8505,99385 Charity St #840,ENG,,
Carma,Vanheusen,carma@cox.net,510-503-7169,68556 Central Hwy,ENG,,
Malinda,Hochard,malinda.hochard@yahoo.com,317-722-5066,55 Riverside Ave,ENG,,
Natalie,Fern,natalie.fern@hotmail.com,307-704-8713,7140 University Ave,ENG,,
Lisha,Centini,lisha@centini.org,703-235-3937,64 5th Ave #1153,ENG,,
Arlene,Klusman,arlene_klusman@gmail.com,504-710-5840,3 Secor Rd,ENG,,
Alease,Buemi,alease@buemi.com,303-301-4946,4 Webbs Chapel Rd,ENG,,
Louisa,Cronauer,louisa@cronauer.com,510-828-7047,524 Louisiana Ave Nw,ENG,,
Angella,Cetta,angella.cetta@hotmail.com,808-892-7943,185 Blackstone Bldge,ENG,,
Cyndy,Goldammer,cgoldammer@cox.net,952-334-9408,170 Wyoming Ave,ENG,,
Rosio,Cork,rosio.cork@gmail.com,336-243-5659,4 10th St W,ENG,,
Celeste,Korando,ckorando@hotmail.com,516-509-2347,7 W Pinhook Rd,ENG,,
Twana,Felger,twana.felger@felger.org,503-939-3153,1 Commerce Way,ENG,,
Estrella,Samu,estrella@aol.com,608-976-7199,64 Lakeview Ave,ENG,,
Donte,Kines,dkines@hotmail.com,508-429-8576,3 Aspen St,ENG,,
Tiffiny,Steffensmeier,tiffiny_steffensmeier@cox.net,305-385-9695,32860 Sierra Rd,ENG,,
Edna,Miceli,emiceli@miceli.org,814-460-2655,555 Main St,ENG,,
Sue,Kownacki,sue@aol.com,972-666-3413,2 Se 3rd Ave,ENG,,
Jesusa,Shin,jshin@shin.com,931-273-8709,2239 Shawnee Mission Pky,ENG,,
Rolland,Francescon,rolland@cox.net,973-649-2922,2726 Charcot Ave,ENG,,
Pamella,Schmierer,pamella.schmierer@schmierer.org,305-420-8970,5161 Dorsett Rd,ENG,,
Glory,Kulzer,gkulzer@kulzer.org,410-224-9462,55892 Jacksonville Rd,ENG,,
Shawna,Palaspas,shawna_palaspas@palaspas.org,805-275-3566,5 N Cleveland Massillon Rd,Dubai,,
Brandon,Callaro,brandon_callaro@hotmail.com,808-215-6832,7 Benton Dr,Dubai,,
Scarlet,Cartan,scarlet.cartan@yahoo.com,229-735-3378,9390 S Howell Ave,Dubai,,
Oretha,Menter,oretha_menter@yahoo.com,617-418-5043,8 County Center Dr #647,Dubai,,
Ty,Smith,tsmith@aol.com,201-672-1553,4646 Kaahumanu St,Dubai,,
Xuan,Rochin,xuan@gmail.com,650-933-5072,2 Monroe St,Dubai,,
Lindsey,Dilello,lindsey.dilello@hotmail.com,909-639-9887,52777 Leaders Heights Rd,Dubai,,
Devora,Perez,devora_perez@perez.org,510-955-3016,72868 Blackington Ave,Dubai,,
Herman,Demesa,hdemesa@cox.net,518-497-2940,9 Norristown Rd,Dubai,,
Rory,Papasergi,rpapasergi@cox.net,570-867-7489,83 County Road 437 #8581,Dubai,,
Talia,Riopelle,talia_riopelle@aol.com,973-245-2133,1 N Harlem Ave #9,Dubai,,
Van,Shire,van.shire@shire.com,908-409-2890,90131 J St,Dubai,,
Lucina,Lary,lucina_lary@cox.net,321-749-4981,8597 W National Ave,Dubai,,
Bok,Isaacs,bok.isaacs@aol.com,718-809-3762,6 Gilson St,Dubai,,
Rolande,Spickerman,rolande.spickerman@spickerman.com,808-315-3077,65 W Maple Ave,Dubai,,
Howard,Paulas,hpaulas@gmail.com,303-623-4241,866 34th Ave,Dubai,,
Kimbery,Madarang,kimbery_madarang@cox.net,973-310-1634,798 Lund Farm Way,Dubai,,
Thurman,Manno,thurman.manno@yahoo.com,609-524-3586,9387 Charcot Ave,Dubai,,
Becky,Mirafuentes,becky.mirafuentes@mirafuentes.com,908-877-8409,30553 Washington Rd,Dubai,,
Beatriz,Corrington,beatriz@yahoo.com,508-584-4279,481 W Lemon St,Dubai,,
Marti,Maybury,marti.maybury@yahoo.com,773-775-4522,4 Warehouse Point Rd #7,Dubai,,
Nieves,Gotter,nieves_gotter@gmail.com,503-527-5274,4940 Pulaski Park Dr,Australia,,
Leatha,Hagele,lhagele@cox.net,214-339-1809,627 Walford Ave,Australia,,
Valentin,Klimek,vklimek@klimek.org,312-303-5453,137 Pioneer Way,Australia,,
Melissa,Wiklund,melissa@cox.net,419-939-3613,61 13 Stoneridge #835,Australia,,
Sheridan,Zane,sheridan.zane@zane.com,951-645-3605,2409 Alabama Rd,Australia,,
Bulah,Padilla,bulah_padilla@hotmail.com,254-463-4368,8927 Vandever Ave,Australia,,
Audra,Kohnert,audra@kohnert.com,615-406-7854,134 Lewis Rd,Australia,,
Daren,Weirather,dweirather@aol.com,414-959-2540,9 N College Ave #3,Australia,,
Fernanda,Jillson,fjillson@aol.com,410-387-5260,60480 Old Us Highway 51,Australia,,
Gearldine,Gellinger,gearldine_gellinger@gellinger.com,972-934-6914,4 Bloomfield Ave,Australia,,
Chau,Kitzman,chau@gmail.com,310-560-8022,429 Tiger Ln,Australia,,
Theola,Frey,theola_frey@frey.com,516-948-5768,54169 N Main St,Australia,,
Cheryl,Haroldson,cheryl@haroldson.org,609-518-7697,92 Main St,Australia,,
Laticia,Merced,lmerced@gmail.com,513-508-7371,72 Mannix Dr,Australia,,
Carissa,Batman,carissa.batman@yahoo.com,541-326-4074,12270 Caton Center Dr,Australia,,
Lezlie,Craghead,lezlie.craghead@craghead.org,919-533-3762,749 W 18th St #45,Australia,,
Ozell,Shealy,oshealy@hotmail.com,212-332-8435,8 Industry Ln,Australia,,
Arminda,Parvis,arminda@parvis.com,602-906-9419,1 Huntwood Ave,Australia,,
Reita,Leto,reita.leto@gmail.com,317-234-1135,55262 N French Rd,Australia,,
Yolando,Luczki,yolando@cox.net,315-304-4759,422 E 21st St,Australia,,
Lizette,Stem,lizette.stem@aol.com,856-487-5412,501 N 19th Ave,Australia,,
Gregoria,Pawlowicz,gpawlowicz@yahoo.com,516-212-1915,455 N Main Ave,Australia,,
Carin,Deleo,cdeleo@deleo.com,501-308-1040,1844 Southern Blvd,Australia,,
Chantell,Maynerich,chantell@yahoo.com,651-591-2583,2023 Greg St,Australia,,
Dierdre,Yum,dyum@yahoo.com,215-325-3042,63381 Jenks Ave,KKN,,
Larae,Gudroe,larae_gudroe@gmail.com,985-890-7262,6651 Municipal Rd,KKN,,
Latrice,Tolfree,latrice.tolfree@hotmail.com,631-957-7624,81 Norris Ave #525,KKN,,
Kerry,Theodorov,kerry.theodorov@gmail.com,916-591-3277,6916 W Main St,KKN,,
Dorthy,Hidvegi,dhidvegi@yahoo.com,208-649-2373,9635 S Main St,KKN,,
Fannie,Lungren,fannie.lungren@yahoo.com,512-587-5746,17 Us Highway 111,KKN,,
Evangelina,Radde,evangelina@aol.com,215-964-3284,992 Civic Center Dr,KKN,,
Novella,Degroot,novella_degroot@degroot.org,808-477-4775,303 N Radcliffe St,KKN,,
Clay,Hoa,choa@hoa.org,775-501-8109,73 Saint Ann St #86,KKN,,
Jennifer,Fallick,jfallick@yahoo.com,847-979-9545,44 58th St,KKN,,
Irma,Wolfgramm,irma.wolfgramm@hotmail.com,973-545-7355,9745 W Main St,KKN,,
Eun,Coody,eun@yahoo.com,864-256-3620,84 Bloomfield Ave,KKN,,
Sylvia,Cousey,sylvia_cousey@cousey.org,410-209-9545,287 Youngstown Warren Rd,KKN,,
Nana,Wrinkles,nana@aol.com,914-855-2115,6 Van Buren St,KKN,,
Layla,Springe,layla.springe@cox.net,212-260-3151,229 N Forty Driv,KKN,,
Joesph,Degonia,joesph_degonia@degonia.org,510-677-9785,2887 Knowlton St #5435,KKN,,
Annabelle,Boord,annabelle.boord@cox.net,978-697-6263,523 Marquette Ave,KKN,,
Stephaine,Vinning,stephaine@cox.net,415-767-6596,3717 Hamann Industrial Pky,KKN,,
Nelida,Sawchuk,nelida@gmail.com,201-971-1638,3 State Route 35 S,KKN,,
Marguerita,Hiatt,marguerita.hiatt@gmail.com,925-634-7158,82 N Highway 67,KKN,,
Carmela,Cookey,ccookey@cookey.org,773-494-4195,9 Murfreesboro Rd,KKN,,
Junita,Brideau,jbrideau@aol.com,973-943-3423,6 S Broadway St,KKN,,
Claribel,Varriano,claribel_varriano@cox.net,419-544-4900,6 Harry L Dr #6327,KKN,,
Benton,Skursky,benton.skursky@aol.com,310-579-2907,47939 Porter Ave,KKN,,
Hillary,Skulski,hillary.skulski@aol.com,352-242-2570,9 Wales Rd Ne #914,KKN,,
Merilyn,Bayless,merilyn_bayless@cox.net,408-758-5015,195 13n N,KKN,,
Teri,Ennaco,tennaco@gmail.com,570-889-5187,99 Tank Farm Rd,KKN,,
Merlyn,Lawler,merlyn_lawler@hotmail.com,201-588-7810,4671 Alemany Blvd,KKN,,
Joesph,Degonia,joesph_degonia@degonia.org,510-677-9785,2887 Knowlton St #5435,KKN,,
Annabelle,Boord,annabelle.boord@cox.net,978-697-6263,523 Marquette Ave,KKN,,
Stephaine,Vinning,stephaine@cox.net,415-767-6596,3717 Hamann Industrial Pky,KKN,,
Nelida,Sawchuk,nelida@gmail.com,201-971-1638,3 State Route 35 S,KKN,,
Marguerita,Hiatt,marguerita.hiatt@gmail.com,925-634-7158,82 N Highway 67,KKN,,
Carmela,Cookey,ccookey@cookey.org,773-494-4195,9 Murfreesboro Rd,KKN,,
Junita,Brideau,jbrideau@aol.com,973-943-3423,6 S Broadway St,KKN,,
Claribel,Varriano,claribel_varriano@cox.net,419-544-4900,6 Harry L Dr #6327,KKN,,
Benton,Skursky,benton.skursky@aol.com,310-579-2907,47939 Porter Ave,KKN,,
Hillary,Skulski,hillary.skulski@aol.com,352-242-2570,9 Wales Rd Ne #914,KKN,,
Merilyn,Bayless,merilyn_bayless@cox.net,408-758-5015,195 13n N,KKN,,
Teri,Ennaco,tennaco@gmail.com,570-889-5187,99 Tank Farm Rd,KKN,,
Merlyn,Lawler,merlyn_lawler@hotmail.com,201-588-7810,4671 Alemany Blvd,KKN,,
Joesph,Degonia,joesph_degonia@degonia.org,510-677-9785,2887 Knowlton St #5435,KKN,,
Annabelle,Boord,annabelle.boord@cox.net,978-697-6263,523 Marquette Ave,KKN,,
Stephaine,Vinning,stephaine@cox.net,415-767-6596,3717 Hamann Industrial Pky,KKN,,
Nelida,Sawchuk,nelida@gmail.com,201-971-1638,3 State Route 35 S,KKN,,
Marguerita,Hiatt,marguerita.hiatt@gmail.com,925-634-7158,82 N Highway 67,KKN,,
Carmela,Cookey,ccookey@cookey.org,773-494-4195,9 Murfreesboro Rd,KKN,,
Junita,Brideau,jbrideau@aol.com,973-943-3423,6 S Broadway St,KKN,,
Claribel,Varriano,claribel_varriano@cox.net,419-544-4900,6 Harry L Dr #6327,KKN,,
Benton,Skursky,benton.skursky@aol.com,310-579-2907,47939 Porter Ave,KKN,,
Hillary,Skulski,hillary.skulski@aol.com,352-242-2570,9 Wales Rd Ne #914,KKN,,
Merilyn,Bayless,merilyn_bayless@cox.net,408-758-5015,195 13n N,KKN,,
Teri,Ennaco,tennaco@gmail.com,570-889-5187,99 Tank Farm Rd,KKN,,
Merlyn,Lawler,merlyn_lawler@hotmail.com,201-588-7810,4671 Alemany Blvd,KKN,,
Joesph,Degonia,joesph_degonia@degonia.org,510-677-9785,2887 Knowlton St #5435,KKN,,
Annabelle,Boord,annabelle.boord@cox.net,978-697-6263,523 Marquette Ave,KKN,,
Stephaine,Vinning,stephaine@cox.net,415-767-6596,3717 Hamann Industrial Pky,KKN,,
Nelida,Sawchuk,nelida@gmail.com,201-971-1638,3 State Route 35 S,KKN,,
Marguerita,Hiatt,marguerita.hiatt@gmail.com,925-634-7158,82 N Highway 67,KKN,,
Carmela,Cookey,ccookey@cookey.org,773-494-4195,9 Murfreesboro Rd,KKN,,
Junita,Brideau,jbrideau@aol.com,973-943-3423,6 S Broadway St,KKN,,
Claribel,Varriano,claribel_varriano@cox.net,419-544-4900,6 Harry L Dr #6327,KKN,,
Benton,Skursky,benton.skursky@aol.com,310-579-2907,47939 Porter Ave,KKN,,
Hillary,Skulski,hillary.skulski@aol.com,352-242-2570,9 Wales Rd Ne #914,KKN,,
Merilyn,Bayless,merilyn_bayless@cox.net,408-758-5015,195 13n N,KKN,,
Teri,Ennaco,tennaco@gmail.com,570-889-5187,99 Tank Farm Rd,KKN,,
Merlyn,Lawler,merlyn_lawler@hotmail.com,201-588-7810,4671 Alemany Blvd,KKN,,
Joesph,Degonia,joesph_degonia@degonia.org,510-677-9785,2887 Knowlton St #5435,KKN,,
Annabelle,Boord,annabelle.boord@cox.net,978-697-6263,523 Marquette Ave,KKN,,
Stephaine,Vinning,stephaine@cox.net,415-767-6596,3717 Hamann Industrial Pky,KKN,,
Nelida,Sawchuk,nelida@gmail.com,201-971-1638,3 State Route 35 S,KKN,,
Marguerita,Hiatt,marguerita.hiatt@gmail.com,925-634-7158,82 N Highway 67,KKN,,
Carmela,Cookey,ccookey@cookey.org,773-494-4195,9 Murfreesboro Rd,KKN,,
Junita,Brideau,jbrideau@aol.com,973-943-3423,6 S Broadway St,KKN,,
Claribel,Varriano,claribel_varriano@cox.net,419-544-4900,6 Harry L Dr #6327,KKN,,
Benton,Skursky,benton.skursky@aol.com,310-579-2907,47939 Porter Ave,KKN,,
Hillary,Skulski,hillary.skulski@aol.com,352-242-2570,9 Wales Rd Ne #914,KKN,,
Merilyn,Bayless,merilyn_bayless@cox.net,408-758-5015,195 13n N,KKN,,
Teri,Ennaco,tennaco@gmail.com,570-889-5187,99 Tank Farm Rd,KKN,,
Merlyn,Lawler,merlyn_lawler@hotmail.com,201-588-7810,4671 Alemany Blvd,KKN,,
Joesph,Degonia,joesph_degonia@degonia.org,510-677-9785,2887 Knowlton St #5435,KKN,,
Annabelle,Boord,annabelle.boord@cox.net,978-697-6263,523 Marquette Ave,KKN,,
Stephaine,Vinning,stephaine@cox.net,415-767-6596,3717 Hamann Industrial Pky,KKN,,
Nelida,Sawchuk,nelida@gmail.com,201-971-1638,3 State Route 35 S,KKN,,
Marguerita,Hiatt,marguerita.hiatt@gmail.com,925-634-7158,82 N Highway 67,KKN,,
Carmela,Cookey,ccookey@cookey.org,773-494-4195,9 Murfreesboro Rd,KKN,,
Junita,Brideau,jbrideau@aol.com,973-943-3423,6 S Broadway St,KKN,,
Claribel,Varriano,claribel_varriano@cox.net,419-544-4900,6 Harry L Dr #6327,KKN,,
Benton,Skursky,benton.skursky@aol.com,310-579-2907,47939 Porter Ave,KKN,,
Hillary,Skulski,hillary.skulski@aol.com,352-242-2570,9 Wales Rd Ne #914,KKN,,
Merilyn,Bayless,merilyn_bayless@cox.net,408-758-5015,195 13n N,KKN,,
Teri,Ennaco,tennaco1@gmail.com,570-889-5187,99 Tank Farm Rd,KKN,,
Merlyn,Lawler,merlyn_lawler1@hotmail.com,201-588-7810,4671 Alemany Blvd,KKN,,
Joesph,Degonia,joesph_degonia1@degonia.org,510-677-9785,2887 Knowlton St #5435,KKN,,
Annabelle,Boord,annabelle.boord1@cox.net,978-697-6263,523 Marquette Ave,KKN,,
Stephaine,Vinning,stephaine1@cox.net,415-767-6596,3717 Hamann Industrial Pky,KKN,,
Nelida,Sawchuk,nelida1@gmail.com,201-971-1638,3 State Route 35 S,KKN,,
Marguerita,Hiatt,marguerita.hiatt1@gmail.com,925-634-7158,82 N Highway 67,KKN,,
Carmela,Cookey,ccookey1@cookey.org,773-494-4195,9 Murfreesboro Rd,KKN,,
Junita,Brideau,jbrideau1@aol.com,973-943-3423,6 S Broadway St,KKN,,
Claribel,Varriano,claribel_varriano1@cox.net,419-544-4900,6 Harry L Dr #6327,KKN,,
Benton,Skursky,benton.skursky1@aol.com,310-579-2907,47939 Porter Ave,KKN,,
Hillary,Skulski,hillary.skulski1@aol.com,352-242-2570,9 Wales Rd Ne #914,KKN,,
Merilyn,Bayless,merilyn_bayless1@cox.net,408-758-5015,195 13n N,KKN,,
Teri,Ennaco,tennaco1@gmail.com,570-889-5187,99 Tank Farm Rd,KKN,,
Merlyn,Lawler,merlyn_lawler1@hotmail.com,201-588-7810,4671 Alemany Blvd,KKN,,
Joesph,Degonia,joesph_degonia1@degonia.org,510-677-9785,2887 Knowlton St #5435,KKN,,
Annabelle,Boord,annabelle.boord1@cox.net,978-697-6263,523 Marquette Ave,KKN,,
Stephaine,Vinning,stephaine1@cox.net,415-767-6596,3717 Hamann Industrial Pky,KKN,,
Nelida,Sawchuk,nelida1@gmail.com,201-971-1638,3 State Route 35 S,KKN,,
Marguerita,Hiatt,marguerita.hiatt1@gmail.com,925-634-7158,82 N Highway 67,KKN,,
Carmela,Cookey,ccookey1@cookey.org,773-494-4195,9 Murfreesboro Rd,KKN,,
Junita,Brideau,jbrideau1@aol.com,973-943-3423,6 S Broadway St,KKN,,
Claribel,Varriano,claribel_varriano1@cox.net,419-544-4900,6 Harry L Dr #6327,KKN,,
Benton,Skursky,benton.skursky1@aol.com,310-579-2907,47939 Porter Ave,KKN,,
Hillary,Skulski,hillary.skulski1@aol.com,352-242-2570,9 Wales Rd Ne #914,KKN,,
Merilyn,Bayless,merilyn_bayless1@cox.net,408-758-5015,195 13n N,KKN,,
Teri,Ennaco,tennaco1@gmail.com,570-889-5187,99 Tank Farm Rd,KKN,,
Merlyn,Lawler,merlyn_lawler1@hotmail.com,201-588-7810,4671 Alemany Blvd,KKN,,
Merlyn,Lawler,merlyn_lawler1@hotmail.com,201-588-7810,4671 Alemany Blvd,KKN,,
Merlyn1,Lawler,merlyn_lawler1@hotmail.com,201-588-7810,4671 Alemany Blvd,KKN,,
Addison,Daugherty,acd00951c55h@yopmail.com,856-636-8749,8 W Cerritos Ave #54,PAK,,401
Andrew,Brem,ajb02111c55h@yopmail.com,907-385-4412,639 Main St,PAK,,401
Charlie,Farrell,ccf00401c55h@yopmail.com,513-570-1893,34 Center St,PAK,,402
James,Freeman,jrf00721c55h@yopmail.com,419-503-2484,3 Mcauley Dr,PAK,,402
Jenna,Kiger,jck00791c55h@yopmail.com,773-573-6914,7 Eads St,PAK,,402
Leslie,Nehls,lan00311c55h@yopmail.com,408-752-3500,7 W Jackson Blvd,PAK,,402
Sarah,Helms,skh00661c55h@yopmail.com,605-414-2147,5 Boston Ave #88,PAK,,403
Sofia,di Benedetto,szd01141c55h@yopmail.com,410-655-8723,228 Runamuck Pl #2808,PAK,,403
Calyn,Wood,cjw01001c55h@yopmail.com,215-874-1229,2371 Jerrold Ave,PAK,,404
Tiana,Anchrum,taa00251c55h@yopmail.com,631-335-3414,37275 St  Rt 17m M,PAK,,404
Austin,Eubanks,ace00401c55h@yopmail.com,310-498-5651,25 E 75th St #69,PAK,,404
Clifford,Hennessey,cdh00941c55h@yopmail.com,440-780-8425,98 Connecticut Ave Nw,PAK,,404
Grant,Pifer,gjp00111c55h@yopmail.com,956-537-6195,56 E Morehead St,PAK,,404
Jonathan,Engebretsen,jce00361c55h@yopmail.com,602-277-4385,73 State Road 434 E,PAK,,405
William,Speigner,wss00241c55h@yopmail.com,931-313-9635,69734 E Carrillo St,PAK,,405
Chase,Dittus,ced00891c55h@yopmail.com,414-661-9598,322 New Horizon Blvd,PAK,,405
Miller,Holmgren,mah02111c55h@yopmail.com,313-288-7937,1 State Route 27,PAK,,405
Stephen,Smith,sgs00891c55h@yopmail.com,815-828-2147,394 Manchester Blvd,PAK,,405
Spencer,Markwald,srm01011c55h@yopmail.com,610-545-3615,6 S 33rd St,IND,,406
Tyler,Gallegos,tag00501c55h@yopmail.com,408-540-1785,6 Greenleaf Ave,IND,,406
Aidan,Alexander,aka00611c55h@yopmail.com,972-303-9197,618 W Yakima Ave,IND,,406
Brian,Whittemore,bdw00551c55h@yopmail.com,518-966-7987,74 S Westgate St,IND,,406
Stephen,Stringer,sas02031c55h@yopmail.com,732-658-3154,3273 State St,IND,,406
Thomas,Richardson,thr00091c55h@yopmail.com,715-662-6764,1 Central Ave,IND,,407
Travis,Parliment,tzp00641c55h@yopmail.com,913-388-2079,86 Nw 66th St #8673,IND,,407
Adams,White,asw00741c55h@yopmail.com,410-669-1642,2 Cedar Ave #84,IND,,407
Christian,Sweat,cas02641c55h@yopmail.com,212-582-4976,90991 Thorburn Ave,IND,,407
Cameron,Stanford,cls01501c55h@yopmail.com,936-336-3951,386 9th Ave N,IND,,407
William,Gerber,wmg00251c55h@yopmail.com,614-801-9788,74874 Atlantic Ave,IND,,408
Yale,Jacobi,yaj00021c55h@yopmail.com,505-977-3911,366 South Dr,IND,,408
Brooke,Wolf,bnw00311c55h@yopmail.com,201-709-6245,45 E Liberty St,IND,,408
Gabrielle,Saylor,ges00501c55h@yopmail.com,732-924-7882,4 Ralph Ct,IND,,408
Kathryne,Little,kdl00351c55h@yopmail.com,212-860-1579,2742 Distribution Way,IND,,408
Melanie,Everett,mae00501c55h@yopmail.com,504-979-9175,426 Wolf St,IND,,409
Skylar,Graves,scg00551c55h@yopmail.com,212-675-8570,128 Bransten Rd,IND,,409
Bailey,Foster,baf00411c55h@yopmail.com,805-832-6163,17 Morena Blvd,IND,,409
Brooke,Leininger,bll00281c55h@yopmail.com,210-812-9597,775 W 17th St,IND,,409
Katrina,Schoenrock,kls01391c55h@yopmail.com,785-463-7829,6980 Dorsett Rd,IND,,410
Sophia,Halstead,smh01381c55h@yopmail.com,541-548-8197,2881 Lewis Rd,IND,,410
Adam,Oosterling,apo00101c55h@yopmail.com,913-413-4604,7219 Woodfield Rd,IND,,410
Connor,Salter,cas02241c55h@yopmail.com,907-231-4722,1048 Main St,IND,,410
Eli,Archer,eea00241c55h@yopmail.com,305-606-7291,678 3rd Ave,IND,,411
Henry,Nader,hbn00131c55h@yopmail.com,907-741-1044,20 S Babcock St,IND,,411
Abigail,Watkins,acw01291c55h@yopmail.com,952-768-2416,2 Lighthouse Ave,IND,,411
Ansleigh,Falkenberry,arf00541c55h@yopmail.com,617-399-5124,38938 Park Blvd,IND,,411
Ariabel,Barjis,azb02111c55h@yopmail.com,323-453-2780,5 Tomahawk Dr,IND,,412
Naomi,Chaves,nlc00241c55h@yopmail.com,608-336-7444,762 S Main St,IND,,412
Chandler,Bray,cob00161c55h@yopmail.com,215-907-9111,209 Decker Dr,IND,,412
Megan,Dodd,med00921c55h@yopmail.com,212-402-9216,4486 W O St #1,IND,,412
Riley,Jones,raj00401c55h@yopmail.com,931-875-6644,39 S 7th St,IND,,413
Taylor,Renfroe,ter00151c55h@yopmail.com,803-925-5213,98839 Hawthorne Blvd #6101,IND,,413
Chauntel,Kriel,clk00451c55h@yopmail.com,610-814-5533,71 San Mateo Ave,IND,,413
Kaylani,Lafitaga,kfl00081c55h@yopmail.com,908-877-6135,76 Brooks St #9,IND,,413
Lauren,McQueen,lam01131c55h@yopmail.com,516-968-6051,4545 Courthouse Rd,IND,,414
Rebecca,Meyer,rfm00141c55h@yopmail.com,215-934-8655,14288 Foster Ave #4121,IND,,414
Albert,Holmes,azh01451c55h@yopmail.com,818-423-4007,4 Otis St,IND,,414
Joshua,Paulsen,jap01311c55h@yopmail.com,401-458-2547,65895 S 16th St,IND,,414
Jacob,Bell,jhb00831c55h@yopmail.com,215-211-9589,14302 Pennsylvania Ave,IND,,415
Jackson,Sublette,jws00961c55h@yopmail.com,401-960-8259,201 Hawk Ct,IND,,415
Elizabeth,Barber,ecb01041c55h@yopmail.com,773-494-4195,,,,618
Genevieve,O'Shea,gzo00101c55h@yopmail.com,973-943-3423,,,,618
Ivy,Jackson,ikj00021c55h@yopmail.com,419-544-4900,,,,618
Lauryn,Lewis,lll00201c55h@yopmail.com,310-579-2907,,,,618
Aidan,Miller,amm02611c55h@yopmail.com,352-242-2570,,,,619
Everett,Dagg,etd00151c55h@yopmail.com,408-758-5015,,,,619
Micah,Boarts,mab01721c55h@yopmail.com,570-889-5187,,,,619
Maxwell,Achanti,msa00481c55h@yopmail.com,201-588-7810,,,,619
Jordyn,Woodley,jdw01331c55h@yopmail.com,510-677-9785,,,,620
Kelci,Jenkins,kdj00221c55h@yopmail.com,978-697-6263,,,,620
Madison,Neither,mnn00121c55h@yopmail.com,415-767-6596,,,,620
Ruth,Hellmann,reh00731c55h@yopmail.com,201-971-1638,,,,620
Camden,Cantrelle,cpc00501c55h@yopmail.com,925-634-7158,,,,621
Callum,Newberry,czn00261c55h@yopmail.com,773-494-4195,,,,621
Jackson,Bowling,jgb00611c55h@yopmail.com,973-943-3423,,,,701
Trevor,Talerico,tmt00511c55h@yopmail.com,419-544-4900,,,,701
Ava,Roberts,aar00471c55h@yopmail.com,310-579-2907,,,,701
Brishana,Jackson,bnj00231c55h@yopmail.com,352-242-2570,,,,701
Kaley,White,kaw01461c55h@yopmail.com,408-758-5015,,,,702
Rebecca,Flug,rsf00201c55h@yopmail.com,570-889-5187,,,,702
Braden,Leadingham,bll00261c55h@yopmail.com,201-588-7810,,,,702
Jaxson,Green,jag01521c55h@yopmail.com,201-588-7810,,,,702
Claire,Beal,ceb02061c55h@yopmail.com,201-588-7810,,,,703
Grace,Owens,geo00051c55h@yopmail.com,856-636-8749,,,,703
Kaelan,Kennedy,krk00531c55h@yopmail.com,907-385-4412,,,,704
Olivia,Gathright,ogg00081c55h@yopmail.com,513-570-1893,,,,704
Aine,King,azk01581c55h@yopmail.com,419-503-2484,,,,704
Breckin,Gould,blg00331c55h@yopmail.com,773-573-6914,,,,704
Hailey,Marston,htm00121c55h@yopmail.com,408-752-3500,,,,704
Taylor,Moler,trm00681c55h@yopmail.com,605-414-2147,,,,705
Bailey,Shelton,bps00351c55h@yopmail.com,410-655-8723,,,,705
Victoria,Adderhold,vla00061c55h@yopmail.com,215-874-1229,,,,705
Dev,Patel,dzp00751c55h@yopmail.com,631-335-3414,,,,705
James,Riemann,jrr00721c55h@yopmail.com,310-498-5651,,,,705
Jalen,Dumas,jzd01351c55h@yopmail.com,440-780-8425,,,,706
Samuel,Waters,sww00221c55h@yopmail.com,956-537-6195,,,,706
Will,Bryant,wcb00411c55h@yopmail.com,602-277-4385,,,,706
Adam,Clemenzi,adc00591c55h@yopmail.com,931-313-9635,,,,706
Dillon,Johnson,dbj00141c55h@yopmail.com,414-661-9598,,,,706
Kallen,Ingels,kpi00031c55h@yopmail.com,313-288-7937,,,,707
Merrill,Hunter,mmh01161c55h@yopmail.com,815-828-2147,,,,707
Matthew,Reeves,mtr00471c55h@yopmail.com,610-545-3615,,,,707
Anna,Sweet,aes01321c55h@yopmail.com,408-540-1785,,,,707
Christin,Watson,caw01721c55h@yopmail.com,972-303-9197,,,,707
Hope,Bartlett,hnb00251c55h@yopmail.com,518-966-7987,,,,708
Meghan,Ferguson,mef00631c55h@yopmail.com,732-658-3154,,,,708
Morgan,Scaife,mes02611c55h@yopmail.com,715-662-6764,,,,708
Griffin,Klebba,gak00221c55h@yopmail.com,913-388-2079,,,,708
James,Davis,jdd00911c55h@yopmail.com,410-669-1642,,,,708
Jase,Schwanke,jms02851c55h@yopmail.com,212-582-4976,,,,709
Krish,Modi,kjm00921c55h@yopmail.com,936-336-3951,,,,709
Terry,Wendell,tdw00421c55h@yopmail.com,614-801-9788,,,,709
Annastyn,Garner,aeg00951c55h@yopmail.com,505-977-3911,,,,709
Avery,Linville,ael01071c55h@yopmail.com,201-709-6245,,,,710
MaryEllen,Rutledge,mbr00491c55h@yopmail.com,732-924-7882,,,,710
Paige,Rhuland,per00221c55h@yopmail.com,212-860-1579,,,,710
Samantha,Latalardo,sgl00301c55h@yopmail.com,504-979-9175,,,,710
Evan,Heller,esh00231c55h@yopmail.com,212-675-8570,,,,711
Jack,Pierre,jbp00681c55h@yopmail.com,805-832-6163,,,,711
Joseph,Rafter,jmr01311c55h@yopmail.com,210-812-9597,,,,711
Jake,Eastwood,jze00281c55h@yopmail.com,785-463-7829,,,,711
Lauren,Koscelnick,lnk00181c55h@yopmail.com,541-548-8197,,,,712
Madeleine,Ottenritter,mdo00211c55h@yopmail.com,913-413-4604,,,,712
Madison,Bennett,meb01741c55h@yopmail.com,907-231-4722,,,,712
Reese,Wallis,rew00491c55h@yopmail.com,305-606-7291,,,,712
Bianca,Zavala,bcz00031c55h@yopmail.com,907-741-1044,,,,713
Emily,Larsen,eml00561c55h@yopmail.com,952-768-2416,,,,713
Lily,Farris,laf00421c55h@yopmail.com,617-399-5124,,,,713
McKenna,Geary,mcg00701c55h@yopmail.com,323-453-2780,,,,713
Melisa,Strickland,mjs01341c55h@yopmail.com,608-336-7444,,,,714
Megan,Hanley,mrh01221c55h@yopmail.com,215-907-9111,,,,714
Skylar,Delardi,snd00261c55h@yopmail.com,212-402-9216,,,,714
Charlie,Gaunt,ctg00361c55h@yopmail.com,931-875-6644,,,,714
John,Stephens,jes01701c55h@yopmail.com,803-925-5213,,,,715
Luke,Dawkins,ldd00151c55h@yopmail.com,610-814-5533,,,,715
Wyatt,Duerson,wad00241c55h@yopmail.com,908-877-6135,,,,715
Jared,Odom,jmo00261c55h@yopmail.com,516-968-6051,,,,715
Jack,Greenwald,jsg00441c55h@yopmail.com,215-934-8655,,,,717
Raymond,Dexter,red00291c55h@yopmail.com,818-423-4007,,,,717
Walter,Reed,wcr00201c55h@yopmail.com,401-458-2547,,,,717
Caden,Green,crg00941c55h@yopmail.com,215-211-9589,,,,717
Joseph,Gonzalez,jzg01351c55h@yopmail.com,401-960-8259,,,,718
Terry,Wright,tcw00471c55h@yopmail.com,773-494-4195,,,,718
Christian,Coleman,cjc01411c55h@yopmail.com,973-943-3423,,,,718
Clayton,Sanders,cps00441c55h@yopmail.com,419-544-4900,,,,718
Elijah,Nelson,etn00101c55h@yopmail.com,310-579-2907,,,,719
Spencer,Plep,sap00641c55h@yopmail.com,352-242-2570,,,,719
Madeline,Dobbs,mjd00771c55h@yopmail.com,408-758-5015,,,,719
Maeve,Fogarty,mtf00331c55h@yopmail.com,570-889-5187,,,,719
Nyah,Dedeaux,ndd00131c55h@yopmail.com,201-588-7810,,,,720
Vaeda,Burkhead,vab00231c55h@yopmail.com,510-677-9785,,,,720
Allison,Hart,akh00831c55h@yopmail.com,978-697-6263,,,,720
Krista,Bourassa,ksb00591c55h@yopmail.com,415-767-6596,,,,720
Margaret,Hairston,mah01781c55h@yopmail.com,201-971-1638,,,,721
Taylor,Herndon,tnh00301c55h@yopmail.com,925-634-7158,,,,721
Anna,Pendergrass,agp00741c55h@yopmail.com,773-494-4195,,,,618
Aria,Jenkins,ajj00461c55h@yopmail.com,973-943-3423,,,,618
Chloe,Smith,cis00111c55h@yopmail.com,419-544-4900,,,,618
Deunshia,Crenshaw,dmc00591c55h@yopmail.com,310-579-2907,,,,618
Jaiden,Garner,jkg00341c55h@yopmail.com,352-242-2570,,,,619
Victoria,McNeely,vcm00121c55h@yopmail.com,408-758-5015,,,,619
Ava,Haider,alh01951c55h@yopmail.com,570-889-5187,,,,619
Addison,Faggard,anf00521c55h@yopmail.com,201-588-7810,,,,619
Blakeley,Goodgame,beg00301c55h@yopmail.com,201-588-7810,,,,620
Sophie,Thompson,sjt00361c55h@yopmail.com,201-588-7810,,,,620
Isabelle,Yates,icy00021c55h@yopmail.com,856-636-8749,,,,620
Maya,Walton,mdw00811c55h@yopmail.com,907-385-4412,,,,620
Macie,Barron,mlb01651c55h@yopmail.com,513-570-1893,,,,621
Mackenzie,Deutschmann,mmd00731c55h@yopmail.com,419-503-2484,,,,621
Henry,Roberts,hmr00431c55h@yopmail.com,773-573-6914,,,,701
Manuel,Borrero,meb02181c55h@yopmail.com,408-752-3500,,,,701
Annelise,Clark,arc01241c55h@yopmail.com,605-414-2147,,,,701
Eva,Guenster,efg00131c55h@yopmail.com,410-655-8723,,,,701
Haley,Pickett,hjp00201c55h@yopmail.com,215-874-1229,,,,702
Taylor,Smith,tgs00301c55h@yopmail.com,631-335-3414,,,,702
Ashley,Augustine,aza02911c55h@yopmail.com,310-498-5651,,,,702
Lori,Chapman,lbc00331c55h@yopmail.com,440-780-8425,,,,702
Mary,Lamkin,mkl00501c55h@yopmail.com,956-537-6195,,,,703
Mallory,Lawrence,mml00711c55h@yopmail.com,602-277-4385,,,,703
Paige,Martin,pam00491c55h@yopmail.com,931-313-9635,,,,704
Elise,Detillier,emd00531c55h@yopmail.com,414-661-9598,,,,704
Grace,Clay,gdc00191c55h@yopmail.com,313-288-7937,,,,704
Kennady,Dismore,kpd00181c55h@yopmail.com,815-828-2147,,,,704
Madison,Mcghin,mam03671c55h@yopmail.com,610-545-3615,,,,704
Zoe,Toups,zdt00101c55h@yopmail.com,408-540-1785,,,,705
Breanna,Morris,bcm00761c55h@yopmail.com,972-303-9197,,,,705
Bailey,Freeland,bef00281c55h@yopmail.com,518-966-7987,,,,705
Emily,Russell,ear00671c55h@yopmail.com,732-658-3154,,,,705
Lauren,Harding-Smith,loh00101c55h@yopmail.com,715-662-6764,,,,705
Meghan,Murphy,mnm00761c55h@yopmail.com,913-388-2079,,,,706
Bailey,Sester,bbs00241c55h@yopmail.com,410-669-1642,,,,706
Kaylee,Takacs,kmt00731c55h@yopmail.com,212-582-4976,,,,706
Lucy,Rachels,lwr00091c55h@yopmail.com,936-336-3951,,,,
Payton,Meadors,phm00211c55h@yopmail.com,614-801-9788,,,,
Reilly,Deshazo,rcd00491c55h@yopmail.com,505-977-3911,,,,
Connor,Macomber,crm01141c55h@yopmail.com,201-709-6245,,,,
Jacob,Neuman,jrn00361c55h@yopmail.com,732-924-7882,,,,
Maxwell,Pope,map01261c55h@yopmail.com,212-860-1579,,,,
Peyton,Carr,ptc00121c55h@yopmail.com,504-979-9175,,,,
Lindsey,Blizzard,lrb00481c55h@yopmail.com,212-675-8570,,,,
Madelyn,Mild,mrm02041c55h@yopmail.com,805-832-6163,,,,
Taylor,ODell,tbo00021c55h@yopmail.com,210-812-9597,,,,
Ximena,Fenco,xmf00011c55h@yopmail.com,785-463-7829,,,,
Grace,Franzen,gaf00301c55h@yopmail.com,541-548-8197,,,,
Madison,Soetebeer,mas02561c55h@yopmail.com,913-413-4604,,,,
Sophie,Burleson,sab01441c55h@yopmail.com,907-231-4722,,,,
Victoria,Cancel,vac00201c55h@yopmail.com,305-606-7291,,,,
Jamar,Hood,jjh00671c55h@yopmail.com,907-741-1044,,,,
Joshua,Hanthorn,jrh01511c55h@yopmail.com,952-768-2416,,,,
Noah,Edgy,nte00051c55h@yopmail.com,617-399-5124,,,,
Parker,St. Raymond,pbs00171c55h@yopmail.com,323-453-2780,,,,
Kevin,Danley,kpd00141c55h@yopmail.com,608-336-7444,,,,
Luke,Parr,ltp00181c55h@yopmail.com,215-907-9111,,,,
Peter,Lettiere,pal00131c55h@yopmail.com,212-402-9216,,,,
Seth,Wiley,scw00671c55h@yopmail.com,931-875-6644,,,,
Alexandria,Newell,aln00381c55h@yopmail.com,803-925-5213,,,,
Jack Quoia,Baulding,jjb00721c55h@yopmail.com,610-814-5533,,,,
Morgan,Houser,msh00881c55h@yopmail.com,908-877-6135,,,,
Reagan,Ward,rnw00211c55h@yopmail.com,516-968-6051,,,,
Colton,Sannito,ces01991c55h@yopmail.com,215-934-8655,,,,
Michael,Seegers,mes02631c55h@yopmail.com,818-423-4007,,,,
Russell,Turney,rdt00271c55h@yopmail.com,401-458-2547,,,,
William,Miller,wjm00391c55h@yopmail.com,215-211-9589,,,,
Tanner,Bauman,tjb01061c55h@yopmail.com,401-960-8259,,,,
Meagan,Fondren,maf00921c55h@yopmail.com,,,,,
Meredith,Osborne,mjo00181c55h@yopmail.com,,,,,
Mackenzie,Depwe,mld00711c55h@yopmail.com,,,,,
Nyah,Lang,ndl00081c55h@yopmail.com,,,,,
Andrew,Pepper,akp00681c55h@yopmail.com,,,,,
Brodey,Scoggins,bcs00821c55h@yopmail.com,,,,,
John,Leonard,jpl00511c55h@yopmail.com,,,,,
Kourtney,Clay,klc01301c55h@yopmail.com,,,,,
Cole,Cordle,cjc01361c55h@yopmail.com,,,,,
James,Everidge,jme00371c55h@yopmail.com,,,,,
Owen,Reedy,osr00031c55h@yopmail.com,,,,,
Steve,Reed,swr00151c55h@yopmail.com,,,,,
Alivia,Speight,azs02301c55h@yopmail.com,,,,,
Marissa,Jones,mzj00831c55h@yopmail.com,,,,,
Angela,Touchette,akt00541c55h@yopmail.com,,,,,
Camryn,Hebert,crh00981c55h@yopmail.com,,,,,
Molly,Morgan,mcm01731c55h@yopmail.com,,,,,
Madelon,Scarbrough,mms01251c55h@yopmail.com,,,,,
Jamian,Gandy,jzg01391c55h@yopmail.com,,,,,
Kai,Guermonprez,ksg00351c55h@yopmail.com,,,,,
Tylan,Rudolph,tdr00281c55h@yopmail.com,,,,,
Tyrese,Caldwell,tjc00551c55h@yopmail.com,,,,,
Dimitri,Sullivan,dds00391c55h@yopmail.com,,,,,
Samuel,Jones,srj00391c55h@yopmail.com,,,,,
Isaac,Anderton,isa00071c55h@yopmail.com,,,,,
Jack,Taylor,jwt00501c55h@yopmail.com,,,,,
Nicholas,Pewitt,nlp00151c55h@yopmail.com,,,,,
Pierce,Hanley,phh00131c55h@yopmail.com,,,,,
Patrick,Thurmond,pmt00171c55h@yopmail.com,,,,,
Elizabeth,Wood,eyw00021c55h@yopmail.com,,,,,
Kelly,Green,klg00701c55h@yopmail.com,,,,,
Paige,Cook,pnc00091c55h@yopmail.com,,,,,
ReNari,Wells,rpw00201c55h@yopmail.com,,,,,
Sripriya,Kallam,srk00401c55h@yopmail.com,,,,,
Eric,Kropidlowski,ejk00291c55h@yopmail.com,,,,,
Matthew,Parenteau,mwp00211c55h@yopmail.com,,,,,
Sean,Loesch,szl02091c55h@yopmail.com,,,,,
William,Hinds,whh00261c55h@yopmail.com,,,,,
William,Nickolson,wsn00031c55h@yopmail.com,,,,,
Alyssa,Luo,aml01471c55h@yopmail.com,,,,,
Katherine,Short,kcs00561c55h@yopmail.com,,,,,
Lauren,Marshall,lem01201c55h@yopmail.com,,,,,
Ruixi,Liu,rzl00731c55h@yopmail.com,,,,,
Virginia,Brandt,vkb00111c55h@yopmail.com,,,,,
Eric,Roesch,emr00791c55h@yopmail.com,,,,,
Jack,Devereaux,jbd00551c55h@yopmail.com,,,,,
Leonard,Ford,lcf00331c55h@yopmail.com,,,,,
Mason,Cooper,mdc00861c55h@yopmail.com,,,,,
Sean,Walsh,szw01571c55h@yopmail.com,,,,,
Caroline,Crane,cic00161c55h@yopmail.com,,,,,
Ipek,Sertoz,iss00011c55h@yopmail.com,,,,,
Nora,Vaughan,nzv00181c55h@yopmail.com,,,,,
Samyia,Sanders,sks00951c55h@yopmail.com,,,,,
Ava,Mckenna,amm03011c55h@yopmail.com,,,,,
Emily,Allen,ela00301c55h@yopmail.com,,,,,
Lauren,Musick,lam01321c55h@yopmail.com,,,,,
Olivia,Schaff,ols00091c55h@yopmail.com,,,,,
Brian,Forde,bjf00261c55h@yopmail.com,,,,,
Colby,Cruz,czc02071c55h@yopmail.com,,,,,
Enrick,Dickey,emd00471c55h@yopmail.com,,,,,
Samuel,Hass,smh01361c55h@yopmail.com,,,,,
Bryan,Carriker,bpc00281c55h@yopmail.com,,,,,
Jackson,Haber,jgh00461c55h@yopmail.com,,,,,
Jacob,Kuehnert,jmk00951c55h@yopmail.com,,,,,
Samir,Hickson,sgh00601c55h@yopmail.com,,,,,
Johnathon,Ratkovich,jtr00601c55h@yopmail.com,,,,,
Karsten,Aman,kta00101c55h@yopmail.com,,,,,
Nathan,Newman,nrn00061c55h@yopmail.com,,,,,
Tyler,Pollino,tmp00441c55h@yopmail.com,,,,,
Grant,Griffin,ghg00151c55h@yopmail.com,,,,,
Ian,Myers,iam00231c55h@yopmail.com,,,,,
Matthew,Rueff,mdr00681c55h@yopmail.com,,,,,
Matthew,Cless,mrc01051c55h@yopmail.com,,,,,
Camden,Grant,ccg00481c55h@yopmail.com,,,,,
Ian,Mockaitis,ism00071c55h@yopmail.com,,,,,
Jonathan,Tatum,jdt00681c55h@yopmail.com,,,,,
Noah,Suciu,nas00741c55h@yopmail.com,,,,,
Alexa,Squicciarini,aas00811c55h@yopmail.com,,,,,
Annabelle,Mcilwain,atm00871c55h@yopmail.com,,,,,
Eleanor,Droege,eed00321c55h@yopmail.com,,,,,
Kailie,Stanichowsky,kls01431c55h@yopmail.com,,,,,
Callie,Limpert,csl00411c55h@yopmail.com,,,,,
Mary,Poschel,mzp01191c55h@yopmail.com,,,,,
Nicole,Bicchiarelli De La Cuesta,nab00671c55h@yopmail.com,,,,,
Quinn,Cauthen,qzc00141c55h@yopmail.com,,,,,
Jacob,Boinski,jhb00811c55h@yopmail.com,,,,,
Kyle,Gill,kag00921c55h@yopmail.com,,,,,
Kendall,Pinnow,kjp00471c55h@yopmail.com,,,,,
Matthew,Laliberte,mdl00531c55h@yopmail.com,,,,,
Dylan,Ross,dar00541c55h@yopmail.com,,,,,
Daniel,Prendes,dzp00601c55h@yopmail.com,,,,,
Malik,Cook,mzc01591c55h@yopmail.com,,,,,
Remington,Kennelly,rrk00091c55h@yopmail.com,,,,,
Alyxandria,Harrigan,alh01621c55h@yopmail.com,,,,,
Zayrihah 1,Reynolds 1,zjr00101c55h@yopmail.com,,,,,
Zayrihah 2,Reynolds 2,heg003211c55h@yopmail.com,,,,,
Zayrihah 3,Reynolds 3,hrk001111c55h@yopmail.com,,,,,
Zayrihah 4,Reynolds 4,izn000911c55h@yopmail.com,,,,,
Zayrihah 5,Reynolds 5,rar007011c55h@yopmail.com,,,,,
Zayrihah 6,Reynolds 6,aar004411c55h@yopmail.com,,,,,
Zayrihah 7,Reynolds 7,azc018811c55h@yopmail.com,,,,,
Zayrihah 8,Reynolds 8,jas027511c55h@yopmail.com,,,,,
Zayrihah 9,Reynolds 9,rfs002211c55h@yopmail.com,,,,,
Zayrihah 10,Reynolds 10,jbs010411c55h@yopmail.com,,,,,
Zayrihah 11,Reynolds 11,jme004311c55h@yopmail.com,,,,,
Zayrihah 12,Reynolds 12,jme004511c55h@yopmail.com,,,,,
Zayrihah 13,Reynolds 13,jtw011311c55h@yopmail.com,,,,,
Zayrihah 14,Reynolds 14,bzm007411c55h@yopmail.com,,,,,
Zayrihah 15,Reynolds 15,cja004011c55h@yopmail.com,,,,,
Zayrihah 16,Reynolds 16,jtp006311c55h@yopmail.com,,,,,
Zayrihah 17,Reynolds 17,rmf004811c55h@yopmail.com,,,,,
Zayrihah 18,Reynolds 18,emm013111c55h@yopmail.com,,,,,
Zayrihah 19,Reynolds 19,klb013811c55h@yopmail.com,,,,,
Zayrihah 20,Reynolds 20,nbs003411c55h@yopmail.com,,,,,
Zayrihah 21,Reynolds 21,ses024311c55h@yopmail.com,,,,,
Zayrihah 22,Reynolds 22,gbt000311c55h@yopmail.com,,,,,
Zayrihah 23,Reynolds 23,mxv000111c55h@yopmail.com,,,,,
Zayrihah 24,Reynolds 24,gac005811c55h@yopmail.com,,,,,
Zayrihah 25,Reynolds 25,hgm003811c55h@yopmail.com,,,,,
Zayrihah 26,Reynolds 26,lhh002311c55h@yopmail.com,,,,,
Zayrihah 27,Reynolds 27,sml008111c55h@yopmail.com,,,,,
Zayrihah 28,Reynolds 28,adh007411c55h@yopmail.com,,,,,
Zayrihah 29,Reynolds 29,aed009611c55h@yopmail.com,,,,,
Zayrihah 30,Reynolds 30,hew004711c55h@yopmail.com,,,,,
Zayrihah 31,Reynolds 31,jae005011c55h@yopmail.com,,,,,
Zayrihah 32,Reynolds 32,bdh005411c55h@yopmail.com,,,,,
Zayrihah 33,Reynolds 33,djm007911c55h@yopmail.com,,,,,
Zayrihah 34,Reynolds 34,gpc000911c55h@yopmail.com,,,,,
Zayrihah 35,Reynolds 35,lzp004011c55h@yopmail.com,,,,,
Zayrihah 36,Reynolds 36,nzs010211c55h@yopmail.com,,,,,
Zayrihah 37,Reynolds 37,epb003011c55h@yopmail.com,,,,,
Zayrihah 38,Reynolds 38,gmc005411c55h@yopmail.com,,,,,
